epoch,train_loss,eval_loss
1,0.2577,
2,0.1933,0.2715265452861786
3,0.1727,0.28248709440231323
4,0.1685,0.29697680473327637
5,0.1447,0.3236096203327179
6,0.1209,0.38097718358039856
7,0.1044,0.41030222177505493
8,0.1149,0.32463541626930237
9,0.1172,0.37821635603904724
10,0.1133,0.3944082260131836
