epoch,train_loss,eval_loss
1,0.3536,
2,0.2475,0.3134597837924957
3,0.1661,0.32153597474098206
4,0.1225,0.34044602513313293
5,0.1004,0.38427647948265076
6,0.069,0.47096413373947144
7,0.0654,0.4696897566318512
8,0.0581,0.5281579494476318
9,0.0643,0.5047263503074646
10,0.0512,0.542364239692688
