epoch,train_loss,eval_loss
1,0.2767,
2,0.232,0.2751961350440979
3,0.22,0.295933336019516
4,0.2318,0.2707346975803375
5,0.2076,0.2986677289009094
6,0.1855,0.2950451970100403
7,0.1739,0.39084920287132263
8,0.1796,0.2996302545070648
9,0.185,0.3387545049190521
10,0.1876,0.34243836998939514
