epoch,train_loss,eval_loss
1,0.352,
2,0.3028,0.3262718617916107
3,0.2894,0.3010759949684143
4,0.2595,0.3094385862350464
5,0.2125,0.2976682484149933
6,0.1929,0.3393823504447937
7,0.1549,0.33334609866142273
8,0.1344,0.3480142652988434
9,0.1198,0.39135703444480896
10,0.0989,0.4144603908061981
