epoch,train_loss,eval_loss
1,0.1903,
2,0.1317,0.2717728614807129
3,0.1032,0.3135313391685486
4,0.0869,0.3422962427139282
5,0.0708,0.3029758334159851
6,0.0629,0.344008207321167
7,0.0585,0.3691542148590088
8,0.0484,0.4720621407032013
9,0.0517,0.38110366463661194
10,0.0449,0.37419286370277405
