epoch,train_loss,eval_loss
1,0.3595,
2,0.3387,0.3398685157299042
3,0.3213,0.32946860790252686
4,0.2982,0.3289787769317627
5,0.2824,0.3157249689102173
6,0.285,0.3407457172870636
7,0.2701,0.3089241683483124
8,0.2845,0.30759796500205994
9,0.2578,0.3220733404159546
10,0.2768,0.31933099031448364
