epoch,train_loss,eval_loss
1,0.3277,
2,0.2971,0.32340699434280396
3,0.2568,0.2956814467906952
4,0.2069,0.3040483295917511
5,0.1905,0.33892402052879333
6,0.1591,0.35995954275131226
7,0.1252,0.3877590298652649
8,0.1273,0.40209195017814636
9,0.1049,0.45246651768684387
10,0.0971,0.5024705529212952
