epoch,train_loss,eval_loss
1,0.2047,
2,0.1506,0.297920286655426
3,0.1128,0.27181515097618103
4,0.0982,0.28789854049682617
5,0.0931,0.3176233470439911
6,0.0744,0.36110565066337585
7,0.0701,0.4143509864807129
8,0.0593,0.33100998401641846
9,0.0585,0.4367786943912506
10,0.0441,0.4035600423812866
