epoch,train_loss,eval_loss
1,0.3703,
2,0.3228,0.33975180983543396
3,0.3063,0.32527410984039307
4,0.29,0.388465940952301
5,0.2539,0.29487085342407227
6,0.2435,0.31342336535453796
7,0.2047,0.31541523337364197
8,0.205,0.3100139796733856
9,0.1982,0.352782666683197
10,0.1842,0.35970064997673035
