epoch,train_loss,eval_loss
1,0.3448,
2,0.2636,0.3074859082698822
3,0.1888,0.3117998242378235
4,0.1337,0.35360148549079895
5,0.0952,0.38956934213638306
6,0.076,0.473376601934433
7,0.0732,0.4445078372955322
8,0.063,0.48967811465263367
9,0.0414,0.498496949672699
10,0.0585,0.5760735273361206
