epoch,train_loss,eval_loss
1,0.1948,
2,0.1384,0.26229992508888245
3,0.1061,0.29491713643074036
4,0.0879,0.32403796911239624
5,0.0773,0.3302992582321167
6,0.0708,0.3391047716140747
7,0.0631,0.3947804272174835
8,0.05,0.3913770318031311
9,0.052,0.5134760737419128
10,0.0455,0.4051305651664734
