epoch,train_loss,eval_loss
1,0.3353,
2,0.3121,0.325177937746048
3,0.2901,0.30372512340545654
4,0.2553,0.3112965524196625
5,0.2334,0.31497034430503845
6,0.2144,0.3345975875854492
7,0.1984,0.3218100368976593
8,0.1885,0.32919514179229736
9,0.1549,0.36605772376060486
10,0.1674,0.3964700400829315
