epoch,train_loss,eval_loss
1,0.3242,
2,0.2967,0.31903576850891113
3,0.2445,0.2975172698497772
4,0.1868,0.3041384220123291
5,0.1627,0.36620670557022095
6,0.129,0.40031829476356506
7,0.0802,0.388604998588562
8,0.1014,0.44445422291755676
9,0.0884,0.49839600920677185
10,0.0875,0.5167070031166077
