epoch,train_loss,eval_loss
1,0.3516,
2,0.3367,0.33739739656448364
3,0.3143,0.3257996737957001
4,0.2859,0.32940301299095154
5,0.2709,0.31241878867149353
6,0.2713,0.33873534202575684
7,0.2524,0.3087640702724457
8,0.2682,0.3059340715408325
9,0.2384,0.3179819583892822
10,0.251,0.32553383708000183
