epoch,train_loss,eval_loss
1,0.2289,
2,0.1862,0.2846420109272003
3,0.1479,0.26549968123435974
4,0.1246,0.290996789932251
5,0.1155,0.3053703010082245
6,0.1105,0.2930159568786621
7,0.104,0.3549152910709381
8,0.0888,0.297194242477417
9,0.0834,0.3293286859989166
10,0.0727,0.32520362734794617
