epoch,train_loss,eval_loss
1,0.2211,
2,0.1781,0.2728132903575897
3,0.1515,0.3147922158241272
4,0.1352,0.33428677916526794
5,0.1282,0.3387031853199005
6,0.0987,0.3057139813899994
7,0.0918,0.4337381422519684
8,0.087,0.3335261940956116
9,0.0826,0.35139989852905273
10,0.0822,0.3829948306083679
