epoch,train_loss,eval_loss
1,0.3407,
2,0.3202,0.33147794008255005
3,0.2955,0.30731651186943054
4,0.2633,0.31279996037483215
5,0.24,0.3119455575942993
6,0.2342,0.3387560546398163
7,0.2199,0.31882432103157043
8,0.2178,0.32273244857788086
9,0.1888,0.3409459888935089
10,0.1867,0.37676170468330383
