epoch,train_loss,eval_loss
1,0.4488,
2,0.3967,0.43398144841194153
3,0.3496,0.37720268964767456
4,0.3016,0.3793931305408478
5,0.2861,0.3808993101119995
6,0.2532,0.3976009488105774
7,0.2468,0.4168160557746887
8,0.2174,0.41857078671455383
9,0.1712,0.4776986241340637
10,0.1999,0.551162838935852
