epoch,train_loss,eval_loss
1,0.3422,
2,0.3093,0.33599403500556946
3,0.2865,0.3060791790485382
4,0.2438,0.30880340933799744
5,0.2313,0.3259512186050415
6,0.2188,0.3419267535209656
7,0.1923,0.3293870687484741
8,0.2039,0.3404005169868469
9,0.1529,0.3709677457809448
10,0.1668,0.4190234839916229
