epoch,train_loss,eval_loss
1,0.2787,
2,0.2174,0.2775869071483612
3,0.1996,0.29346606135368347
4,0.207,0.289858877658844
5,0.1758,0.308026522397995
6,0.1529,0.3267904222011566
7,0.1412,0.37962237000465393
8,0.1443,0.32387450337409973
9,0.1457,0.3566945493221283
10,0.1391,0.3466854989528656
