epoch,train_loss,eval_loss
1,0.2691,
2,0.2161,0.27297189831733704
3,0.2002,0.2863551676273346
4,0.1987,0.279941588640213
5,0.1701,0.32548558712005615
6,0.1486,0.3331076204776764
7,0.124,0.36227333545684814
8,0.141,0.31069785356521606
9,0.1566,0.34524640440940857
10,0.1434,0.3343946039676666
