epoch,train_loss,eval_loss
1,0.1936,
2,0.1375,0.26807647943496704
3,0.1081,0.2853166162967682
4,0.0998,0.2706935703754425
5,0.0711,0.3540768325328827
6,0.0727,0.33133843541145325
7,0.062,0.3163500428199768
8,0.055,0.43743589520454407
9,0.052,0.4506107568740845
10,0.0394,0.4815238416194916
