epoch,train_loss,eval_loss
1,0.1879,
2,0.1285,0.2969714403152466
3,0.103,0.3250029385089874
4,0.083,0.31589487195014954
5,0.0711,0.3142506778240204
6,0.0681,0.35298290848731995
7,0.0579,0.3845823109149933
8,0.0539,0.41001176834106445
9,0.0529,0.4871532618999481
10,0.0423,0.45218873023986816
