epoch,train_loss,eval_loss
1,0.4003,
2,0.3437,0.3551562428474426
3,0.3307,0.3347272276878357
4,0.304,0.3348727226257324
5,0.2744,0.2982138991355896
6,0.2682,0.3099830746650696
7,0.2417,0.3066706955432892
8,0.2382,0.30059465765953064
9,0.23,0.30870333313941956
10,0.2361,0.3226968050003052
