epoch,train_loss,eval_loss
1,0.2459,
2,0.1825,0.30927515029907227
3,0.1615,0.3504820764064789
4,0.1716,0.34373676776885986
5,0.154,0.40034282207489014
6,0.1293,0.42629215121269226
7,0.1243,0.5254927277565002
8,0.1312,0.40460941195487976
9,0.1266,0.43360525369644165
10,0.1352,0.44434812664985657
