epoch,train_loss,eval_loss
1,0.3385,
2,0.265,0.4146272540092468
3,0.253,0.39934074878692627
4,0.2304,0.3990764915943146
5,0.2195,0.45575517416000366
6,0.1931,0.4288591742515564
7,0.162,0.46113237738609314
8,0.1852,0.4446221888065338
9,0.1796,0.476493775844574
10,0.1797,0.48174118995666504
