epoch,train_loss,eval_loss
1,0.4579,
2,0.4207,0.43624380230903625
3,0.3711,0.4461964964866638
4,0.3438,0.4003516137599945
5,0.3492,0.4138023555278778
6,0.2998,0.4227021336555481
7,0.3092,0.4468543827533722
8,0.2852,0.44646066427230835
9,0.2286,0.4432387948036194
10,0.2439,0.5201356410980225
