epoch,train_loss,eval_loss
1,0.3444,
2,0.2699,0.30920615792274475
3,0.2034,0.3109624683856964
4,0.1491,0.34791845083236694
5,0.1142,0.37965038418769836
6,0.0861,0.46244633197784424
7,0.0699,0.46171894669532776
8,0.058,0.5044847130775452
9,0.0488,0.551558256149292
10,0.0606,0.5756936073303223
