epoch,train_loss,eval_loss
1,0.2075,
2,0.1569,0.2638673484325409
3,0.1158,0.27649667859077454
4,0.1065,0.3146826922893524
5,0.0843,0.2968960702419281
6,0.0774,0.3657987713813782
7,0.0697,0.38244011998176575
8,0.0578,0.3585406243801117
9,0.0536,0.396395206451416
10,0.0434,0.395107626914978
