epoch,train_loss,eval_loss
1,0.2324,
2,0.1875,0.31811755895614624
3,0.1597,0.38963037729263306
4,0.1701,0.363276869058609
5,0.138,0.3647478520870209
6,0.1275,0.45345339179039
7,0.129,0.4421938955783844
8,0.1198,0.4350448250770569
9,0.1347,0.39361920952796936
10,0.1287,0.43788400292396545
