epoch,train_loss,eval_loss
1,0.2478,
2,0.2066,0.29852744936943054
3,0.1715,0.26039427518844604
4,0.1458,0.3400384187698364
5,0.1388,0.2965153753757477
6,0.1355,0.28057318925857544
7,0.125,0.37903034687042236
8,0.1108,0.3032151460647583
9,0.1104,0.3530685007572174
10,0.0942,0.32714465260505676
