epoch,train_loss,eval_loss
1,0.2145,
2,0.1551,0.26213109493255615
3,0.1454,0.30889829993247986
4,0.1293,0.29043182730674744
5,0.1132,0.3768354654312134
6,0.0885,0.35710564255714417
7,0.0879,0.4013895094394684
8,0.0975,0.3382761478424072
9,0.0761,0.3746286928653717
10,0.0804,0.47683295607566833
