epoch,train_loss,eval_loss
1,0.3372,
2,0.315,0.3269765079021454
3,0.2909,0.3049836754798889
4,0.2554,0.31109893321990967
5,0.2349,0.3117853105068207
6,0.2192,0.3354949951171875
7,0.2009,0.3237818777561188
8,0.193,0.3269782066345215
9,0.1574,0.3570771813392639
10,0.1768,0.39041444659233093
