epoch,train_loss,eval_loss
1,0.2481,
2,0.205,0.2831670045852661
3,0.1678,0.2656433880329132
4,0.147,0.31783443689346313
5,0.1355,0.30523914098739624
6,0.1264,0.291980504989624
7,0.1233,0.3487604558467865
8,0.1093,0.2899700701236725
9,0.1058,0.367893248796463
10,0.0944,0.3337238132953644
