epoch,train_loss,eval_loss
1,0.4701,
2,0.4422,0.48198994994163513
3,0.395,0.5083720684051514
4,0.3735,0.4130507707595825
5,0.376,0.4270757734775543
6,0.3481,0.430722177028656
7,0.3614,0.4216528832912445
8,0.3463,0.4335654675960541
9,0.2938,0.42681097984313965
10,0.3294,0.430215984582901
