epoch,train_loss,eval_loss
1,0.2055,
2,0.1463,0.27155739068984985
3,0.1236,0.3011358082294464
4,0.0969,0.33319348096847534
5,0.0851,0.29903507232666016
6,0.0768,0.3201048970222473
7,0.0712,0.35169026255607605
8,0.0548,0.3638235330581665
9,0.0593,0.4490681290626526
10,0.0451,0.4308564066886902
