epoch,train_loss,eval_loss
1,0.3473,
2,0.3285,0.3347177803516388
3,0.3047,0.31937599182128906
4,0.2741,0.32777395844459534
5,0.2636,0.3090761601924896
6,0.2599,0.33817633986473083
7,0.2381,0.3085915148258209
8,0.2513,0.31078892946243286
9,0.2155,0.31724312901496887
10,0.2356,0.3313920199871063
