epoch,train_loss,eval_loss
1,0.1939,
2,0.1451,0.2625699043273926
3,0.1043,0.3196991980075836
4,0.0973,0.30566394329071045
5,0.0815,0.3319264054298401
6,0.0786,0.35990869998931885
7,0.0616,0.42751264572143555
8,0.0573,0.4174334406852722
9,0.0525,0.4717240035533905
10,0.0451,0.41827258467674255
