epoch,train_loss,eval_loss
1,0.2042,
2,0.143,0.2691831588745117
3,0.114,0.33332526683807373
4,0.0942,0.35797539353370667
5,0.0817,0.30821508169174194
6,0.0764,0.33510568737983704
7,0.0677,0.41135337948799133
8,0.0568,0.38547006249427795
9,0.0521,0.40108412504196167
10,0.0473,0.4540086090564728
