epoch,train_loss,eval_loss
1,0.266,
2,0.2088,0.27266305685043335
3,0.1857,0.28776034712791443
4,0.1914,0.2896806001663208
5,0.1603,0.31231480836868286
6,0.1403,0.3586755394935608
7,0.1152,0.38326066732406616
8,0.1289,0.3243742883205414
9,0.1328,0.3615354597568512
10,0.1293,0.3406563997268677
