epoch,train_loss,eval_loss
1,0.2869,
2,0.2295,0.2767641842365265
3,0.2226,0.29513853788375854
4,0.2311,0.27319470047950745
5,0.213,0.2975051701068878
