epoch,train_loss,eval_loss
1,0.2411,
2,0.1994,0.2975037693977356
3,0.1619,0.27256298065185547
4,0.145,0.363349974155426
5,0.1359,0.3136991858482361
6,0.1257,0.2910953164100647
7,0.1197,0.38834577798843384
8,0.104,0.29632386565208435
9,0.1013,0.3570384383201599
10,0.0874,0.30367788672447205
