epoch,train_loss,eval_loss
1,0.3433,
2,0.266,0.39856651425361633
3,0.2276,0.3954415023326874
4,0.2298,0.43227484822273254
5,0.1975,0.5097678899765015
6,0.1845,0.4648951292037964
7,0.1631,0.560718297958374
8,0.1819,0.5335124135017395
9,0.1722,0.5195685625076294
10,0.1753,0.5792925357818604
