epoch,train_loss,eval_loss
1,0.3692,
2,0.3196,0.3374093770980835
3,0.3055,0.32772907614707947
4,0.2904,0.3378464877605438
5,0.2513,0.29501014947891235
6,0.2391,0.31692931056022644
7,0.2069,0.307757705450058
8,0.1965,0.3248237073421478
9,0.1941,0.32304638624191284
10,0.1808,0.3458477258682251
