epoch,train_loss,eval_loss
1,0.3674,
2,0.3188,0.3297710120677948
3,0.3116,0.3150478005409241
4,0.2812,0.3539002239704132
5,0.242,0.29802343249320984
6,0.2328,0.3339531123638153
7,0.1905,0.3157631754875183
8,0.1906,0.31646668910980225
9,0.1749,0.33371180295944214
10,0.161,0.35425254702568054
