epoch,train_loss,eval_loss
1,0.3161,
2,0.2362,0.3724295198917389
3,0.215,0.3812151551246643
4,0.1994,0.3812507092952728
5,0.1817,0.4712616205215454
6,0.1637,0.4415343403816223
7,0.1403,0.5255697965621948
8,0.1541,0.420817106962204
9,0.1382,0.49007463455200195
10,0.148,0.5951701998710632
