epoch,train_loss,eval_loss
1,0.3467,
2,0.3247,0.33700016140937805
3,0.3055,0.31402045488357544
4,0.2759,0.32468682527542114
5,0.2547,0.31395256519317627
6,0.2575,0.33599233627319336
7,0.2397,0.3080461323261261
8,0.2411,0.3116697371006012
9,0.2145,0.3275204598903656
10,0.2315,0.35524067282676697
