epoch,train_loss,eval_loss
1,0.2529,
2,0.2136,0.3134898245334625
3,0.1873,0.2690567970275879
4,0.1645,0.3160867691040039
5,0.152,0.29445934295654297
6,0.1457,0.26836588978767395
7,0.1371,0.31943652033805847
8,0.1251,0.2866170406341553
9,0.1246,0.3542914390563965
10,0.1132,0.30309462547302246
