epoch,train_loss,eval_loss
1,0.35,
2,0.3342,0.33788278698921204
3,0.3084,0.3174271583557129
4,0.2852,0.320649653673172
5,0.2622,0.31213948130607605
6,0.2632,0.3395994007587433
7,0.2472,0.30905377864837646
8,0.2617,0.3101351261138916
9,0.2422,0.326720267534256
10,0.2511,0.3272278606891632
