epoch,train_loss,eval_loss
1,0.2587,
2,0.2194,0.2986961007118225
3,0.1867,0.2583012282848358
4,0.1651,0.32347962260246277
5,0.1552,0.2906111776828766
6,0.1464,0.2712743878364563
7,0.1399,0.3604217767715454
8,0.1277,0.28435370326042175
9,0.1242,0.33531859517097473
10,0.11,0.29207488894462585
