epoch,train_loss,eval_loss
1,0.3059,
2,0.2321,0.38044223189353943
3,0.2148,0.40982431173324585
4,0.2019,0.4262771010398865
5,0.1787,0.4973812997341156
