epoch,train_loss,eval_loss
1,0.393,
2,0.323,0.39215296506881714
3,0.2952,0.3391759693622589
4,0.2458,0.34477412700653076
5,0.2138,0.37174347043037415
6,0.1885,0.42666590213775635
7,0.1591,0.4388841688632965
8,0.174,0.45869556069374084
9,0.1409,0.45568960905075073
10,0.1445,0.6323979496955872
