epoch,train_loss,eval_loss
1,0.3426,
2,0.3183,0.33256131410598755
3,0.3033,0.30947771668434143
4,0.2658,0.32133278250694275
5,0.2493,0.31395140290260315
6,0.2446,0.3340895175933838
7,0.2237,0.30728965997695923
8,0.2281,0.3180121183395386
9,0.1887,0.329802006483078
10,0.2125,0.3609530031681061
