epoch,train_loss,eval_loss
1,0.1889,
2,0.1383,0.25928017497062683
3,0.1017,0.32437723875045776
4,0.081,0.2572121322154999
5,0.0774,0.27032405138015747
6,0.0749,0.3580692410469055
7,0.0626,0.3620060086250305
8,0.0535,0.37452518939971924
9,0.0495,0.4079596698284149
10,0.0429,0.3972032964229584
