epoch,train_loss,eval_loss
1,0.4579,
2,0.4222,0.4851089119911194
3,0.3815,0.4417051076889038
4,0.3601,0.4123864471912384
5,0.3618,0.4116956889629364
6,0.3217,0.4313117563724518
7,0.3313,0.4253270626068115
8,0.3241,0.4263123571872711
9,0.2641,0.4287978410720825
10,0.2825,0.4788595736026764
