epoch,train_loss,eval_loss
1,0.2212,
2,0.1626,0.318157434463501
3,0.1675,0.4292042553424835
4,0.1644,0.33840134739875793
5,0.1815,0.38955068588256836
6,0.1578,0.4252958297729492
7,0.1561,0.4472510516643524
8,0.1812,0.40158811211586
9,0.1832,0.5037855505943298
10,0.2007,0.4508068263530731
