epoch,train_loss,eval_loss
1,0.1892,
2,0.1263,0.2820408046245575
3,0.0987,0.3375488519668579
4,0.0922,0.2971629500389099
5,0.0706,0.3533281087875366
6,0.0668,0.37233617901802063
7,0.0609,0.37540093064308167
8,0.058,0.3323744237422943
9,0.0551,0.43804553151130676
10,0.0469,0.4390893876552582
