epoch,train_loss,eval_loss
1,0.3493,
2,0.331,0.3366188406944275
3,0.3083,0.3216771185398102
4,0.2775,0.3284861445426941
5,0.2664,0.3093644976615906
6,0.2632,0.3385392725467682
7,0.2407,0.30781564116477966
8,0.2576,0.3109395205974579
9,0.2234,0.3150261640548706
10,0.2364,0.32863450050354004
