epoch,train_loss,eval_loss
1,0.3679,
2,0.2841,0.39638954401016235
3,0.2665,0.41894814372062683
4,0.2539,0.41917499899864197
5,0.2498,0.4590291678905487
6,0.2205,0.44156613945961
7,0.1992,0.4950660467147827
8,0.2049,0.44956541061401367
9,0.2127,0.5050313472747803
10,0.2044,0.5202747583389282
