epoch,train_loss,eval_loss
1,0.2296,
2,0.1811,0.31657034158706665
3,0.1439,0.26859718561172485
4,0.124,0.3206721246242523
5,0.1169,0.2997046411037445
6,0.1083,0.30850985646247864
7,0.1022,0.3847276568412781
8,0.0812,0.2925781011581421
9,0.083,0.4189724326133728
10,0.0706,0.3372856676578522
