epoch,train_loss,eval_loss
1,0.3648,
2,0.3411,0.3446055054664612
3,0.3276,0.33520007133483887
4,0.3013,0.32732781767845154
5,0.2945,0.3176966905593872
6,0.2967,0.32981324195861816
7,0.2901,0.31012898683547974
8,0.2868,0.3126024305820465
9,0.2681,0.3183565139770508
10,0.2878,0.3145223557949066
