epoch,train_loss,eval_loss
1,0.2364,
2,0.1878,0.27236199378967285
3,0.1626,0.28436708450317383
4,0.1482,0.3172909915447235
5,0.1323,0.36525487899780273
6,0.1089,0.3668518364429474
7,0.09,0.3912722170352936
8,0.0949,0.3020237982273102
9,0.094,0.3578498065471649
10,0.1027,0.4880772531032562
