epoch,train_loss,eval_loss
1,0.2977,
2,0.353,0.37771058082580566
3,0.3847,0.5097647905349731
4,0.4096,0.4585830271244049
5,0.4473,0.4873903691768646
