epoch,train_loss,eval_loss
1,0.2776,
2,0.2157,0.2715150713920593
3,0.1976,0.29029911756515503
4,0.2005,0.27766650915145874
5,0.1822,0.2920122742652893
6,0.151,0.31505951285362244
7,0.13,0.3831177055835724
8,0.1413,0.3063335716724396
9,0.1526,0.3622428774833679
10,0.1296,0.3256353437900543
