epoch,train_loss,eval_loss
1,0.2926,
2,0.2431,0.2782011032104492
3,0.2389,0.28656867146492004
4,0.2418,0.27220067381858826
5,0.2283,0.2712995409965515
6,0.1979,0.2769247889518738
7,0.1818,0.32522889971733093
8,0.1872,0.276910662651062
9,0.2074,0.29535701870918274
10,0.2033,0.3095240592956543
