epoch,train_loss,eval_loss
1,0.2429,
2,0.1709,0.31079259514808655
3,0.1623,0.37290769815444946
4,0.1613,0.3617735803127289
5,0.1453,0.4130730628967285
6,0.1305,0.3094009757041931
7,0.1321,0.43183204531669617
8,0.139,0.4022553563117981
9,0.1338,0.38079094886779785
10,0.1563,0.4599538743495941
