epoch,train_loss,eval_loss
1,0.2153,
2,0.1631,0.291568398475647
3,0.1254,0.284766286611557
4,0.1068,0.33022475242614746
5,0.0914,0.326229065656662
6,0.0896,0.3453681766986847
7,0.0813,0.33993053436279297
8,0.0619,0.36827632784843445
9,0.065,0.42251551151275635
10,0.058,0.3738093674182892
