epoch,train_loss,eval_loss
1,0.4558,
2,0.4211,0.42599204182624817
3,0.3803,0.42070457339286804
4,0.3378,0.39770352840423584
5,0.3277,0.4261561334133148
6,0.2945,0.4537416398525238
7,0.3025,0.4109196960926056
8,0.2737,0.444479763507843
9,0.2263,0.4432458281517029
10,0.247,0.5136343240737915
