epoch,train_loss,eval_loss
1,0.307,
2,0.2318,0.3899447023868561
3,0.2117,0.37983983755111694
4,0.2176,0.36600860953330994
5,0.1933,0.4463456869125366
6,0.1736,0.4695577323436737
7,0.1409,0.4971737563610077
8,0.1718,0.44751033186912537
9,0.1541,0.4230310618877411
10,0.138,0.490037202835083
