epoch,train_loss,eval_loss
1,0.382,
2,0.3189,0.4047393500804901
3,0.2815,0.34097820520401
4,0.2089,0.32840123772621155
5,0.1997,0.38174641132354736
6,0.1631,0.44414305686950684
7,0.1571,0.5040366053581238
8,0.1335,0.504700779914856
9,0.1355,0.564551591873169
10,0.1332,0.6689858436584473
