epoch,train_loss,eval_loss
1,0.2416,
2,0.205,0.26696208119392395
3,0.1702,0.2900078594684601
4,0.1625,0.31971460580825806
5,0.1376,0.339326411485672
6,0.1345,0.3682284653186798
7,0.1072,0.3342522084712982
8,0.1063,0.3446197509765625
9,0.1024,0.3376649022102356
10,0.1208,0.3722701370716095
