epoch,train_loss,eval_loss
1,0.3364,
2,0.3099,0.33434367179870605
3,0.271,0.3024461269378662
4,0.2346,0.3015773892402649
5,0.217,0.3270842134952545
6,0.1941,0.3499177396297455
7,0.1539,0.37646040320396423
8,0.1539,0.4010026156902313
9,0.1073,0.4391384422779083
10,0.1274,0.44567152857780457
