epoch,train_loss,eval_loss
1,0.3435,
2,0.2896,0.3133631944656372
3,0.2619,0.3032599091529846
4,0.2201,0.3709387481212616
5,0.1665,0.3176211416721344
6,0.1365,0.37725645303726196
7,0.0973,0.4022988975048065
8,0.0986,0.4333721995353699
9,0.0726,0.442148357629776
10,0.0617,0.5329873561859131
