epoch,train_loss,eval_loss
1,0.2708,
2,0.226,0.2711155116558075
3,0.211,0.2817920446395874
4,0.2092,0.2874907851219177
5,0.1853,0.31112292408943176
6,0.1791,0.33944597840309143
7,0.1334,0.39273056387901306
8,0.1642,0.32404670119285583
9,0.1639,0.3672732412815094
10,0.1701,0.3621510863304138
