epoch,train_loss,eval_loss
1,0.2298,
2,0.1779,0.27795588970184326
3,0.1524,0.28441521525382996
4,0.1459,0.3161259889602661
5,0.1076,0.34063202142715454
6,0.0987,0.3804619610309601
7,0.0819,0.4256550073623657
8,0.0886,0.3085222840309143
9,0.0881,0.35824304819107056
10,0.0827,0.3850608468055725
