epoch,train_loss,eval_loss
1,0.3736,
2,0.3191,0.43373796343803406
3,0.2764,0.3688187003135681
4,0.2072,0.33207938075065613
5,0.2022,0.3920210599899292
6,0.1584,0.44450777769088745
7,0.1601,0.55340176820755
8,0.1462,0.4480619430541992
9,0.1416,0.597159743309021
10,0.1382,0.6179450154304504
