epoch,train_loss,eval_loss
1,0.3233,
2,0.2949,0.31827837228775024
3,0.2348,0.29473042488098145
4,0.1814,0.3018150329589844
5,0.1659,0.36652371287345886
6,0.1146,0.39888569712638855
7,0.0944,0.41891229152679443
8,0.1065,0.44839420914649963
9,0.058,0.442368745803833
10,0.0935,0.5412251353263855
