epoch,train_loss,eval_loss
1,0.2659,
2,0.2067,0.2722610831260681
3,0.1794,0.2872457802295685
4,0.1811,0.29190319776535034
5,0.1605,0.31580618023872375
6,0.1381,0.3478800356388092
7,0.1172,0.4231109917163849
8,0.1287,0.3265753984451294
9,0.1278,0.3647882044315338
10,0.1209,0.35991883277893066
