epoch,train_loss,eval_loss
1,0.2293,
2,0.1724,0.2755390703678131
3,0.1523,0.2886677384376526
4,0.139,0.3091346025466919
5,0.1072,0.32424506545066833
6,0.0981,0.3613489866256714
7,0.0849,0.3971790075302124
8,0.0884,0.3525850474834442
9,0.095,0.3878709673881531
10,0.0857,0.430007666349411
