epoch,train_loss,eval_loss
1,0.3318,
2,0.2996,0.3247058093547821
3,0.2622,0.29759570956230164
4,0.2166,0.30835413932800293
5,0.2027,0.3321737051010132
6,0.1662,0.3563939332962036
7,0.1348,0.3723544180393219
8,0.1406,0.401795357465744
9,0.1107,0.415935754776001
10,0.1089,0.5237686634063721
