epoch,train_loss,eval_loss
1,0.257,
2,0.1941,0.27256348729133606
3,0.181,0.28737401962280273
4,0.1698,0.2963760197162628
5,0.149,0.3309151828289032
6,0.1198,0.34960299730300903
7,0.1091,0.41051799058914185
8,0.1135,0.3128897249698639
9,0.1188,0.3752322494983673
10,0.1124,0.39617395401000977
