epoch,train_loss,eval_loss
1,0.3435,
2,0.3195,0.33612900972366333
3,0.3026,0.3104773759841919
4,0.2696,0.32299548387527466
5,0.2484,0.31333640217781067
6,0.2474,0.33226630091667175
7,0.2284,0.30570051074028015
8,0.2294,0.31405261158943176
9,0.1982,0.3239671587944031
10,0.2166,0.35769522190093994
