epoch,gpu_time_ms
1,62543.0703125
2,61736.8046875
3,62165.25
4,62013.3359375
5,61998.484375
6,62406.65625
7,61820.14453125
8,62349.43359375
9,61902.52734375
10,62053.95703125
