epoch,train_loss,eval_loss
0,0.3559,
1,0.2686,0.3103463053703308
2,0.203,0.30752140283584595
3,0.1283,0.4095875024795532
4,0.1024,0.4109305441379547
5,0.0763,0.47714319825172424
6,0.0604,0.4402971565723419
7,0.0578,0.5347998142242432
8,0.0616,0.5584729909896851
9,0.053,0.507459282875061
10,,0.5869320631027222
