epoch,train_loss,eval_loss
1,0.3264,
2,0.2962,0.3203624486923218
3,0.2524,0.29646745324134827
4,0.21,0.3010063171386719
5,0.192,0.33692824840545654
6,0.1504,0.35512059926986694
7,0.1247,0.3651762902736664
8,0.1452,0.4171507954597473
9,0.08,0.4160597324371338
10,0.0745,0.4985063970088959
