epoch,train_loss,eval_loss
1,0.2421,
2,0.2025,0.3051196336746216
3,0.1645,0.26555195450782776
4,0.1458,0.3275149166584015
5,0.1357,0.29927220940589905
6,0.127,0.2846187949180603
7,0.1225,0.3803136944770813
8,0.1083,0.30429238080978394
9,0.1017,0.3397899568080902
10,0.0889,0.3158147633075714
