epoch,train_loss,eval_loss
1,0.2663,
2,0.2038,0.26738104224205017
3,0.1833,0.29809871315956116
4,0.1845,0.287662148475647
5,0.1686,0.3169788718223572
