epoch,train_loss,eval_loss
1,0.2574,
2,0.1959,0.2662678360939026
3,0.172,0.2868987023830414
4,0.1783,0.3161400556564331
5,0.1508,0.3415803015232086
