epoch,train_loss,eval_loss
1,0.2696,
2,0.1983,0.38589054346084595
3,0.1816,0.3426412045955658
4,0.1846,0.3753487765789032
5,0.1597,0.419277548789978
6,0.145,0.3714151084423065
7,0.1374,0.43555063009262085
8,0.1128,0.41019949316978455
9,0.1279,0.4165860712528229
10,0.1172,0.47325730323791504
