epoch,train_loss,eval_loss
1,0.3427,
2,0.2796,0.30918145179748535
3,0.2318,0.3079097270965576
4,0.1891,0.3561205565929413
5,0.1321,0.3428248465061188
6,0.1078,0.3856753408908844
7,0.077,0.441633939743042
8,0.0672,0.4785725772380829
9,0.0517,0.5111691951751709
10,0.0495,0.5822305679321289
