epoch,train_loss,eval_loss
1,0.2525,
2,0.2021,0.25950223207473755
3,0.193,0.26686081290245056
4,0.1719,0.29767271876335144
5,0.1511,0.35737326741218567
6,0.1313,0.35402336716651917
7,0.1193,0.3687461316585541
8,0.1244,0.2665965259075165
9,0.1225,0.320115327835083
10,0.1306,0.3479437232017517
