epoch,train_loss,eval_loss
1,0.3732,
2,0.3187,0.41696009039878845
3,0.2753,0.33231285214424133
4,0.231,0.35268694162368774
5,0.198,0.36576730012893677
6,0.1911,0.4113132059574127
7,0.1514,0.5014005303382874
8,0.1596,0.5167025327682495
9,0.1238,0.5050440430641174
10,0.1435,0.5393894910812378
