epoch,train_loss,eval_loss
1,0.1919,
2,0.1351,0.26760706305503845
3,0.107,0.29729214310646057
4,0.0941,0.33088240027427673
5,0.0777,0.33116933703422546
6,0.0689,0.36158591508865356
7,0.0573,0.5024752616882324
8,0.0521,0.3288179337978363
9,0.0501,0.4150681793689728
10,0.043,0.42140060663223267
