epoch,train_loss,eval_loss
1,0.2434,
2,0.1849,0.27752774953842163
3,0.1677,0.2877117395401001
4,0.1609,0.29968586564064026
5,0.1377,0.3478269875049591
