epoch,train_loss,eval_loss
1,0.2548,
2,0.1936,0.26997241377830505
3,0.1737,0.27437859773635864
4,0.1613,0.2968110144138336
5,0.1448,0.346810519695282
