epoch,train_loss,eval_loss
1,0.2172,
2,0.1596,0.2708287537097931
3,0.1478,0.3014400601387024
4,0.1307,0.30555662512779236
5,0.1171,0.338105171918869
