epoch,train_loss,eval_loss
1,0.3248,
2,0.2934,0.3269056975841522
3,0.2475,0.3013656735420227
4,0.1966,0.30558815598487854
5,0.1842,0.3661136031150818
6,0.1426,0.38599058985710144
7,0.1107,0.4030330777168274
8,0.1124,0.43918538093566895
9,0.1006,0.46523046493530273
10,0.0814,0.49729764461517334
