epoch,train_loss,eval_loss
1,0.2817,
2,0.2232,0.2703002095222473
3,0.2112,0.29243090748786926
4,0.2198,0.2724788784980774
5,0.1907,0.2872469425201416
6,0.1724,0.2949940264225006
7,0.152,0.35220417380332947
8,0.1566,0.2991061508655548
9,0.1631,0.34205180406570435
10,0.163,0.30927199125289917
