epoch,train_loss,eval_loss
1,0.32,
2,0.2587,0.40403908491134644
3,0.2413,0.42063629627227783
4,0.2426,0.4247077405452728
5,0.208,0.44328027963638306
