epoch,train_loss,eval_loss
1,0.2775,
2,0.2114,0.26863375306129456
3,0.1949,0.282463937997818
4,0.2013,0.2719250023365021
5,0.1724,0.30138278007507324
