epoch,train_loss,eval_loss
1,0.2694,
2,0.2017,0.26807913184165955
3,0.1813,0.29512181878089905
4,0.1934,0.2894454300403595
5,0.1711,0.3158019483089447
