epoch,train_loss,eval_loss
1,0.34,
2,0.2741,0.3063252866268158
3,0.2317,0.30429980158805847
4,0.1774,0.38783547282218933
5,0.1261,0.336607962846756
6,0.1007,0.3953966796398163
7,0.0675,0.4230899214744568
8,0.0677,0.49473467469215393
9,0.0525,0.5054663419723511
10,0.0531,0.5599652528762817
