epoch,train_loss,eval_loss
1,0.4664,
2,0.4291,0.47083428502082825
3,0.3959,0.4307921230792999
4,0.3634,0.4050973355770111
5,0.3676,0.4201929271221161
6,0.3185,0.4318878650665283
7,0.3307,0.4260692298412323
8,0.3263,0.422590047121048
9,0.2587,0.43017318844795227
10,0.303,0.4697819948196411
