epoch,train_loss,eval_loss
1,0.233,
2,0.1749,0.2720901072025299
3,0.1466,0.2866608202457428
4,0.134,0.29203853011131287
5,0.1109,0.3394666314125061
