epoch,train_loss,eval_loss
1,0.2623,
2,0.2076,0.2686767578125
3,0.1857,0.28336963057518005
4,0.1858,0.28875356912612915
5,0.1559,0.34470242261886597
6,0.1446,0.36878785490989685
7,0.1199,0.3976787030696869
8,0.1251,0.3175034821033478
9,0.1386,0.3617846965789795
10,0.1336,0.3819977641105652
